{
  "calibrated": [
    {
      "active_fraction": 0.038193055555555556,
      "active_sample_count": 109996,
      "clipped_full_scale_sample_count": 0,
      "crest_factor": 22.03914870284798,
      "dc_offset": -0.0001354033385382758,
      "estimated_true_peak_dbfs": -11.611042022877703,
      "estimated_true_peak_linear": 0.26269263622562733,
      "event_count": 122,
      "logical_channel": 0,
      "maximum_same_channel_concurrency": 2,
      "non_finite_sample_count": 0,
      "overlap_fraction": 0.0003951388888888889,
      "overlap_sample_count": 1138,
      "rms": 0.011876144393493044,
      "sample_peak_dbfs": -11.642594311616357,
      "sample_peak_index": 2696361,
      "sample_peak_linear": 0.2617401123046875,
      "samples_greater_than_or_equal_positive_full_scale": 0,
      "samples_less_than_or_equal_negative_full_scale": 0
    },
    {
      "active_fraction": 0.03403263888888889,
      "active_sample_count": 98014,
      "clipped_full_scale_sample_count": 0,
      "crest_factor": 22.815798380794337,
      "dc_offset": -0.00011159645504421659,
      "estimated_true_peak_dbfs": -11.775306398219843,
      "estimated_true_peak_linear": 0.25777137021308927,
      "event_count": 112,
      "logical_channel": 1,
      "maximum_same_channel_concurrency": 2,
      "non_finite_sample_count": 0,
      "overlap_fraction": 0.00022395833333333333,
      "overlap_sample_count": 645,
      "rms": 0.011287965514688842,
      "sample_peak_dbfs": -11.782973112777713,
      "sample_peak_index": 654815,
      "sample_peak_linear": 0.2575439453125,
      "samples_greater_than_or_equal_positive_full_scale": 0,
      "samples_less_than_or_equal_negative_full_scale": 0
    },
    {
      "active_fraction": 0.03735381944444444,
      "active_sample_count": 107579,
      "clipped_full_scale_sample_count": 0,
      "crest_factor": 22.71332268177399,
      "dc_offset": -0.00013034376356336807,
      "estimated_true_peak_dbfs": -11.611042022877703,
      "estimated_true_peak_linear": 0.26269263622562733,
      "event_count": 121,
      "logical_channel": 2,
      "maximum_same_channel_concurrency": 1,
      "non_finite_sample_count": 0,
      "overlap_fraction": 0.0,
      "overlap_sample_count": 0,
      "rms": 0.011523638173586882,
      "sample_peak_dbfs": -11.642594311616357,
      "sample_peak_index": 362296,
      "sample_peak_linear": 0.2617401123046875,
      "samples_greater_than_or_equal_positive_full_scale": 0,
      "samples_less_than_or_equal_negative_full_scale": 0
    },
    {
      "active_fraction": 0.03455208333333333,
      "active_sample_count": 99510,
      "clipped_full_scale_sample_count": 0,
      "crest_factor": 22.91194764004318,
      "dc_offset": -0.00011664986398484973,
      "estimated_true_peak_dbfs": -11.611042022877703,
      "estimated_true_peak_linear": 0.26269263622562733,
      "event_count": 118,
      "logical_channel": 3,
      "maximum_same_channel_concurrency": 1,
      "non_finite_sample_count": 0,
      "overlap_fraction": 0.0,
      "overlap_sample_count": 0,
      "rms": 0.011423739108378751,
      "sample_peak_dbfs": -11.642594311616357,
      "sample_peak_index": 1120055,
      "sample_peak_linear": 0.2617401123046875,
      "samples_greater_than_or_equal_positive_full_scale": 0,
      "samples_less_than_or_equal_negative_full_scale": 0
    },
    {
      "active_fraction": 0.03850069444444444,
      "active_sample_count": 110882,
      "clipped_full_scale_sample_count": 0,
      "crest_factor": 21.287250633859216,
      "dc_offset": -0.00011927638477749295,
      "estimated_true_peak_dbfs": -11.775306398219843,
      "estimated_true_peak_linear": 0.25777137021308927,
      "event_count": 138,
      "logical_channel": 4,
      "maximum_same_channel_concurrency": 2,
      "non_finite_sample_count": 0,
      "overlap_fraction": 0.0002854166666666667,
      "overlap_sample_count": 822,
      "rms": 0.012098506742005192,
      "sample_peak_dbfs": -11.782973112777713,
      "sample_peak_index": 1102402,
      "sample_peak_linear": 0.2575439453125,
      "samples_greater_than_or_equal_positive_full_scale": 0,
      "samples_less_than_or_equal_negative_full_scale": 0
    },
    {
      "active_fraction": 0.035061805555555554,
      "active_sample_count": 100978,
      "clipped_full_scale_sample_count": 0,
      "crest_factor": 22.469007680445376,
      "dc_offset": -0.00011302704493204752,
      "estimated_true_peak_dbfs": -11.775306398219843,
      "estimated_true_peak_linear": 0.25777137021308927,
      "event_count": 123,
      "logical_channel": 5,
      "maximum_same_channel_concurrency": 2,
      "non_finite_sample_count": 0,
      "overlap_fraction": 6.631944444444445e-05,
      "overlap_sample_count": 191,
      "rms": 0.011462186001949645,
      "sample_peak_dbfs": -11.782973112777713,
      "sample_peak_index": 1830521,
      "sample_peak_linear": 0.2575439453125,
      "samples_greater_than_or_equal_positive_full_scale": 0,
      "samples_less_than_or_equal_negative_full_scale": 0
    },
    {
      "active_fraction": 0.033471180555555556,
      "active_sample_count": 96397,
      "clipped_full_scale_sample_count": 0,
      "crest_factor": 23.40021056087406,
      "dc_offset": -0.00011972219255235461,
      "estimated_true_peak_dbfs": -11.611042022877703,
      "estimated_true_peak_linear": 0.26269263622562733,
      "event_count": 112,
      "logical_channel": 6,
      "maximum_same_channel_concurrency": 1,
      "non_finite_sample_count": 0,
      "overlap_fraction": 0.0,
      "overlap_sample_count": 0,
      "rms": 0.01118537423515008,
      "sample_peak_dbfs": -11.642594311616357,
      "sample_peak_index": 1644360,
      "sample_peak_linear": 0.2617401123046875,
      "samples_greater_than_or_equal_positive_full_scale": 0,
      "samples_less_than_or_equal_negative_full_scale": 0
    },
    {
      "active_fraction": 0.035090972222222225,
      "active_sample_count": 101062,
      "clipped_full_scale_sample_count": 0,
      "crest_factor": 23.485241485825526,
      "dc_offset": -0.00012597585678100588,
      "estimated_true_peak_dbfs": -11.611042022877703,
      "estimated_true_peak_linear": 0.26269263622562733,
      "event_count": 114,
      "logical_channel": 7,
      "maximum_same_channel_concurrency": 2,
      "non_finite_sample_count": 0,
      "overlap_fraction": 0.00016493055555555556,
      "overlap_sample_count": 475,
      "rms": 0.01114487634554068,
      "sample_peak_dbfs": -11.642594311616357,
      "sample_peak_index": 373483,
      "sample_peak_linear": 0.2617401123046875,
      "samples_greater_than_or_equal_positive_full_scale": 0,
      "samples_less_than_or_equal_negative_full_scale": 0
    }
  ],
  "content_hash": "c2aa79c2a0d99eaf8c33c79d9834c8f4b0638ba2797a9f21c8aa35241295b118",
  "full_scale_denominator": 32768.0,
  "schema_version": "wge.channel_render_metrics.v1",
  "uncalibrated": [
    {
      "active_fraction": 0.038193055555555556,
      "active_sample_count": 109996,
      "clipped_full_scale_sample_count": 0,
      "crest_factor": 22.03914870284798,
      "dc_offset": -0.0001230939441257053,
      "estimated_true_peak_dbfs": -12.438895726042203,
      "estimated_true_peak_linear": 0.23881148747784303,
      "event_count": 122,
      "logical_channel": 0,
      "maximum_same_channel_concurrency": 2,
      "non_finite_sample_count": 0,
      "overlap_fraction": 0.0003951388888888889,
      "overlap_sample_count": 1138,
      "rms": 0.010796494903175493,
      "sample_peak_dbfs": -12.470448014780857,
      "sample_peak_index": 2696361,
      "sample_peak_linear": 0.237945556640625,
      "samples_greater_than_or_equal_positive_full_scale": 0,
      "samples_less_than_or_equal_negative_full_scale": 0
    },
    {
      "active_fraction": 0.03403263888888889,
      "active_sample_count": 98014,
      "clipped_full_scale_sample_count": 0,
      "crest_factor": 22.815798380794337,
      "dc_offset": -0.00010145132276746961,