{
  "bin_start_seconds": [
    0,
    1,
    2,
    3,
    4,
    5,
    6,
    7,
    8,
    9,
    10,
    11,
    12,
    13,
    14,
    15,
    16,
    17,
    18,
    19,
    20,
    21,
    22,
    23,
    24,
    25,
    26,
    27,
    28,
    29,
    30,
    31,
    32,
    33,
    34,
    35,
    36,
    37,
    38,
    39,
    40,
    41,
    42,
    43,
    44,
    45,
    46,
    47,
    48,
    49,
    50,
    51,
    52,
    53,
    54,
    55,
    56,
    57,
    58,
    59
  ],
  "bin_width_seconds": 1,
  "focus_event_count": [
    1,
    4,
    1,
    3,
    1,
    3,
    3,
    3,
    2,
    0,
    1,
    0,
    0,
    3,
    2,
    1,
    0,
    2,
    2,
    3,
    2,
    0,
    0,
    1,
    1,
    2,
    5,
    3,
    1,
    1,
    0,
    1,
    0,
    3,
    1,
    4,
    1,
    2,
    3,
    2,
    4,
    1,
    1,
    1,
    1,
    2,
    2,
    2,
    1,
    2,
    1,
    4,
    1,
    3,
    5,
    4,
    5,
    3,
    7,
    3
  ],
  "focus_series_label": "Focus channel 2",
  "focus_to_non_focus_mean_ratio": 1.0095351609058403,
  "non_focus_mean_event_count": [
    2.857142857142857,
    2.2857142857142856,
    2.5714285714285716,
    2.142857142857143,
    2.2857142857142856,
    1.4285714285714286,
    2.0,
    3.142857142857143,
    2.5714285714285716,
    0.0,
    0.7142857142857143,
    0.0,
    0.0,
    3.0,
    1.5714285714285714,
    1.5714285714285714,
    1.1428571428571428,
    1.4285714285714286,
    1.0,
    3.2857142857142856,
    2.2857142857142856,
    0.0,
    0.7142857142857143,
    0.5714285714285714,
    0.14285714285714285,
    2.2857142857142856,
    5.142857142857143,
    3.2857142857142856,
    3.0,
    1.0,
    1.1428571428571428,
    1.0,
    2.7142857142857144,
    3.0,
    2.857142857142857,
    2.5714285714285716,
    2.4285714285714284,
    1.7142857142857142,
    2.7142857142857144,
    2.0,
    1.8571428571428572,
    1.0,
    0.7142857142857143,
    0.7142857142857143,
    1.0,
    1.2857142857142858,
    2.5714285714285716,
    2.5714285714285716,
    1.4285714285714286,
    0.8571428571428571,
    2.2857142857142856,
    2.5714285714285716,
    2.5714285714285716,
    2.0,
    3.0,
    3.142857142857143,
    3.4285714285714284,
    3.7142857142857144,
    4.857142857142857,
    2.7142857142857144
  ],
  "non_focus_series_label": "Non-focus channel mean"
}
