{
  "bin_count": 12,
  "interval_seconds": [
    0.3620833333333333,
    0.3103125,
    0.35972916666666666,
    0.34843749999999996,
    0.30514583333333345,
    0.35233333333333317,
    0.3706875000000003,
    0.344770833333333,
    0.2824791666666666,
    0.33220833333333344,
    0.28812499999999996,
    0.3251666666666666,
    0.2796666666666665,
    0.27291666666666714,
    0.5491458333333332,
    0.488645833333333,
    0.48483333333333345,
    0.4117916666666668,
    0.2647083333333331,
    0.28341666666666665,
    0.24962499999999999,
    0.2308958333333333,
    0.2612500000000004,
    0.2754374999999998,
    0.24339583333333437,
    0.2493124999999985,
    2.0801458333333347,
    2.4339791666666653,
    0.2459791666666682,
    0.2779583333333324,
    0.280875,
    0.27620833333333294,
    0.28147916666666717,
    0.7075624999999999,
    0.6110208333333329,
    0.605062499999999,
    0.6848333333333336,
    0.5112708333333345,
    0.6431458333333353,
    0.7512291666666648,
    0.23764583333333178,
    0.2440208333333338,
    0.22987499999999983,
    0.25020833333333314,
    0.2644583333333337,
    0.26041666666666785,
    1.8524791666666651,
    1.3241041666666682,
    1.3375416666666666,
    0.30489583333333314,
    0.25131250000000094,
    0.27481249999999946,
    0.2742291666666681,
    0.1365208333333321,
    0.12127083333333388,
    0.12691666666666634,
    0.11283333333333445,
    0.23029166666666612,
    0.23699999999999832,
    0.24335416666666632,
    0.23724999999999952,
    0.2831458333333359,
    0.21872916666666598,
    0.25333333333333385,
    0.5991041666666668,
    0.7062708333333312,
    0.7903125000000024,
    0.6168750000000003,
    0.9297083333333305,
    0.3082083333333365,
    0.33387499999999903,
    0.32018749999999585,
    0.2791250000000005,
    0.2901041666666728,
    0.30910416666666407,
    0.3364166666666648,
    0.408437499999998,
    0.3459583333333356,
    0.36431250000000404,
    0.3028124999999946,
    0.288979166666671,
    0.2644999999999982,
    0.2804999999999964,
    0.2963750000000047,
    0.27227083333333013,
    0.41247916666667095,
    0.33306249999999693,
    0.30912500000000165,
    0.3048541666666651,
    0.3212083333333311,
    0.35616666666666674,
    0.34070833333333894,
    0.3586249999999964,
    0.36325000000000074,
    0.33110416666666964,
    0.3627708333333288,
    0.35902083333333223,
    1.1927916666666718,
    1.1792708333333337,
    1.0158124999999956,
    1.1262499999999989,
    0.30391666666666595,
    0.29725000000000534,
    0.321770833333332,
    0.30960416666666646,
    0.2932291666666629,
    0.3079583333333389,
    0.32229166666666487,
    0.535541666666667,
    0.664916666666663,
    0.6713333333333367,
    0.5618750000000006,
    0.2847499999999954,
    0.34166666666666856,
    0.35079166666666595,
    0.3022708333333384,
    0.3506874999999994,
    0.30629166666666663,
    0.30789583333333326,
    0.39602083333333127,
    0.3288749999999965,
    0.3681041666666687,
    0.28845833333333815,
    0.27666666666666373,
    0.2792083333333295,
    0.2550416666666706,
    0.25256249999999625,
    0.24925000000000352,
    0.25824999999999676,
    0.21462500000000517,
    0.2633541666666659,
    0.24597916666666464,
    0.19297916666666737,
    0.256354166666668,
    0.25427083333332945,
    0.22422916666666737,
    0.25637499999999847,
    0.2794583333333378,
    0.24181250000000176,
    0.14022916666666418,
    0.1323333333333352,
    0.11199999999999477,
    0.17470833333333502,
    0.2661250000000024,
    0.2214375000000004,
    0.2827291666666625,
    0.24635416666666998,
    0.2716458333333307
  ]
}
