{
  "background_packet_count": {
    "coefficient_of_variation": 0.3339628586029829,
    "count": 14,
    "maximum": 6.0,
    "mean": 3.2857142857142856,
    "median": 3.0,
    "minimum": 1.0,
    "p10": 2.3,
    "p90": 4.0,
    "variance": 1.204081632653061
  },
  "background_span_occupancy": 0.2621940972222222,
  "background_span_seconds": {
    "coefficient_of_variation": 0.7236823330912816,
    "count": 14,
    "maximum": 3.0553333333333335,
    "mean": 1.123688988095238,
    "median": 0.9602604166666666,
    "minimum": 0.0,
    "p10": 0.24548958333333334,
    "p90": 2.1705958333333335,
    "variance": 0.6612842678859305
  },
  "channel_occupancy": {
    "0": 122,
    "1": 112,
    "2": 121,
    "3": 118,
    "4": 138,
    "5": 123,
    "6": 112,
    "7": 114
  },
  "dense_run_onset_span_occupancy": 0.41833888888888887,
  "empty_activity_gap_occupancy": 0.46316701388888887,
  "empty_activity_gap_seconds": {
    "coefficient_of_variation": 2.6202939023858964,
    "count": 345,
    "maximum": 2.2047708333333333,
    "mean": 0.0805507850241546,
    "median": 0.0341875,
    "minimum": 0.0006666666666666666,
    "p10": 0.012695833333333333,
    "p90": 0.08185833333333352,
    "variance": 0.04454916486376578
  },
  "event_count": 960,
  "event_rate_hz": 16.0,
  "five_second_event_density": [
    95,
    75,
    43,
    67,
    30,
    115,
    80,
    92,
    45,
    70,
    101,
    147
  ],
  "five_second_packet_density": [
    15,
    12,
    7,
    11,
    5,
    17,
    12,
    16,
    6,
    11,
    16,
    21
  ],
  "grammar_counts": {
    "clean_plus_one_sweep": 14,
    "one_impulse_burst": 3,
    "partial_sweep": 61,
    "scattered_packet": 67,
    "sweep_with_repeats": 4
  },
  "interval_lag_correlations": {
    "lag_1": 0.5345934369924334,
    "lag_2": 0.15905323233389165,
    "lag_3": -0.00514882422542951,
    "lag_4": -0.0858050512679138
  },
  "local_interval_variability": {
    "coefficient_of_variation": 0.8247541409616632,
    "maximum_identical_interval_run": 1,
    "repeated_10ms_cell_prevalence": 0.8040540540540541,
    "rolling_five_interval_cv": {
      "coefficient_of_variation": 0.9670990814664607,
      "count": 144,
      "maximum": 1.2312683522649333,
      "mean": 0.2653321027721599,
      "median": 0.15338470856684877,
      "minimum": 0.032840014688596875,
      "p10": 0.0536271141820682,
      "p90": 0.6168810311901548,
      "variance": 0.06584480855712274
    },
    "unique_interval_count": 147
  },
  "maximum_concurrency": 3,
  "motif_repetition_rate": 0.5192909280500522,
  "packet_count": 149,
  "packet_interval_seconds": {
    "coefficient_of_variation": 0.8247541409616632,
    "count": 148,
    "maximum": 2.4339791666666666,
    "mean": 0.40268468468468466,
    "median": 0.30254166666666665,
    "minimum": 0.112,
    "p10": 0.23071458333333333,
    "p90": 0.6753833333333334,
    "variance": 0.11030094525765208
  },
  "packet_interval_values_seconds": [
    0.3620833333333333,
    0.3103125,
    0.35972916666666666,
    0.3484375,
    0.30514583333333334,
    0.35233333333333333,
    0.3706875,
    0.34477083333333336,
    0.28247916666666667,
    0.3322083333333333,
    0.288125,
    0.32516666666666666,
    0.2796666666666667,
    0.27291666666666664,
    0.5491458333333333,
    0.48864583333333333,
    0.48483333333333334,
    0.41179166666666667,
    0.2647083333333333,
    0.28341666666666665,
    0.249625,
    0.23089583333333333,
    0.26125,
    0.2754375,
    0.24339583333333334,
    0.2493125,
    2.0801458333333334,
    2.4339791666666666,
    0.24597916666666667,
    0.2779583333333333,
    0.280875,
    0.27620833333333333,
    0.28147916666666667,
    0.7075625,
    0.6110208333333333,
    0.6050625,
    0.6848333333333333,
    0.5112708333333333,
    0.6431458333333333,
    0.7512291666666666,
    0.23764583333333333,
    0.24402083333333333,
    0.229875,
    0.2502083333333333,
    0.26445833333333335,
    0.2604166666666667,
    1.8524791666666667,
    1.3241041666666666,
    1.3375416666666666,
    0.3048958333333333,
    0.2513125,
    0.2748125,
    0.2742291666666667,
    0.13652083333333334,
    0.12127083333333333,
    0.12691666666666668,
    0.11283333333333333,
    0.23029166666666667,
    0.237,
    0.24335416666666668,
    0.23725,
    0.2831458333333333,
    0.21872916666666667,
    0.25333333333333335,
    0.5991041666666667,
    0.7062708333333333,
    0.7903125,
    0.616875,
    0.9297083333333334,
    0.3082083333333333,
    0.333875,
    0.3201875,
    0.279125,
    0.29010416666666666,
    0.3091041666666667,
    0.33641666666666664,
    0.4084375,
    0.3459583333333333,
    0.3643125,
    0.3028125,
    0.2889791666666667,
    0.2645,
    0.2805,
    0.296375,
    0.27227083333333335,
    0.4124791666666667,
    0.3330625,
    0.309125,
    0.30485416666666665,
    0.3212083333333333,
    0.3561666666666667,
    0.34070833333333334,
    0.358625,
    0.36325,
    0.33110416666666664,
    0.3627708333333333,
    0.35902083333333334,
    1.1927916666666667,
    1.1792708333333333,
    1.0158125,
    1.12625,
    0.30391666666666667,
    0.29725,
    0.32177083333333334,
    0.3096041666666667,
    0.29322916666666665,
    0.30795833333333333,
    0.32229166666666664,
    0.5355416666666667,
    0.6649166666666667,
    0.6713333333333333,
    0.561875,
    0.28475,
    0.3416666666666667,
    0.35079166666666667,
    0.3022708333333333,
    0.3506875,
    0.3062916666666667,
    0.3078958333333333,
    0.3960208333333333,
    0.328875,
    0.3681041666666667,
    0.2884583333333333,
    0.27666666666666667,
    0.27920833333333334,
    0.25504166666666667,
    0.2525625,
    0.24925,
    0.25825,
    0.214625,
    0.26335416666666667,
    0.24597916666666667,
    0.19297916666666667,
    0.25635416666666666,
    0.25427083333333333,
    0.22422916666666667,
    0.256375,
    0.2794583333333333,
    0.2418125,
    0.14022916666666665,
    0.13233333333333333,
    0.112,
    0.17470833333333333,
    0.266125,
    0.2214375,
    0.28272916666666664,
    0.24635416666666668,
    0.2716458333333333
  ],
  "packet_rate_hz": 2.4833333333333334,
  "phrase_active_share": 0.3972602739726027,
  "phrase_boundary_gap_occupancy": 0.57495,
  "phrase_boundary_packet_gap_seconds": {
    "coefficient_of_variation": 0.6044779273536164,
    "count": 14,
    "maximum": 4.514125,
    "mean": 2.4640714285714287,
    "median": 1.8118854166666667,
    "minimum": 0.49754166666666666,
    "p10": 0.7440458333333334,
    "p90": 4.514125,
    "variance": 2.218541107931193
  },
  "phrase_count": 15,
  "phrase_duration_seconds": {
    "coefficient_of_variation": 0.21673479659268846,
    "count": 15,
    "maximum": 2.4716458333333335,
    "mean": 1.6733555555555557,
    "median": 1.7031041666666666,
    "minimum": 1.10525,
    "p10": 1.2980666666666667,
    "p90": 2.1168291666666668,
    "variance": 0.1315327029783951
  },
  "phrase_records": [
    {
      "end_onset_seconds": 1.3805625,
      "onset_seconds": 0.0,
      "packet_count": 5,
      "phrase_id": "phrase_0000"
    },
    {
      "end_onset_seconds": 4.5340625,
      "onset_seconds": 2.7535,
      "packet_count": 7,
      "phrase_id": "phrase_0001"
    },
    {
      "end_onset_seconds": 8.526520833333333,
      "onset_seconds": 6.468479166666667,
      "packet_count": 9,
      "phrase_id": "phrase_0002"
    },
    {
      "end_onset_seconds": 14.403145833333333,
      "onset_seconds": 13.040645833333333,
      "packet_count": 6,
      "phrase_id": "phrase_0003"
    },
    {
      "end_onset_seconds": 20.403895833333333,
      "onset_seconds": 18.917270833333333,
      "packet_count": 7,
      "phrase_id": "phrase_0004"
    },
    {
      "end_onset_seconds": 26.023270833333335,
      "onset_seconds": 24.918020833333333,
      "packet_count": 5,
      "phrase_id": "phrase_0005"
    },
    {
      "end_onset_seconds": 28.223916666666668,
      "onset_seconds": 26.5208125,
      "packet_count": 8,