{
  "report_id": "wge4a_exact_diagnostic_render_audit",
  "status": "WGE4A_RENDER_CORE_READY",
  "engine_version": "0.5.0",
  "starting_checkpoint": "a967b3160b4b815ed454c88de9522175c593db9b",
  "starting_tag": "wge-3-session1-source-aligned",
  "run_id": "x_alpha_session1_diagnostic_60s",
  "session_id": 1,
  "sample_rate_hz": 48000,
  "duration_samples": 2880000,
  "logical_channel_count": 8,
  "packet_count": 149,
  "events_planned": 960,
  "events_rendered": 960,
  "total_motif_samples_placed": 827689,
  "archive_hash": "7e248804420fdcc75713fd3c232f6c97f5581d01be83526f0ea5770002fc29dd",
  "exact_identity_verification": "passed",
  "render_dtype": "float64",
  "calibration_id": "x_alpha_reference_calibration_v1",
  "calibration_multiplier": 1.1,
  "playback_intensity_applied": false,
  "normalization_applied": false,
  "limiter_applied": false,
  "transform_path_entered": false,
  "per_channel_event_counts": [122, 112, 121, 118, 138, 123, 112, 114],
  "per_channel_sample_peak_dbfs": [-11.642594311616357, -11.782973112777713, -11.642594311616357, -11.642594311616357, -11.782973112777713, -11.782973112777713, -11.642594311616357, -11.642594311616357],
  "per_channel_true_peak_dbfs": [-11.611042022877703, -11.775306398219843, -11.611042022877703, -11.611042022877703, -11.775306398219843, -11.775306398219843, -11.611042022877703, -11.611042022877703],
  "per_channel_rms": [0.011876144393493044, 0.011287965514688842, 0.011523638173586882, 0.011423739108378751, 0.012098506742005192, 0.011462186001949645, 0.01118537423515008, 0.01114487634554068],
  "per_channel_dc_offset": [-0.0001354033385382758, -0.00011159645504421659, -0.00013034376356336807, -0.00011664986398484973, -0.00011927638477749295, -0.00011302704493204752, -0.00011972219255235461, -0.00012597585678100588],
  "per_channel_overlap_samples": [1138, 645, 0, 0, 822, 191, 0, 475],
  "total_overlap_additions": 3271,
  "maximum_same_channel_concurrency": 2,
  "maximum_global_logical_channel_concurrency": 2,
  "global_maximum_sample_peak_linear": 0.2617401123046875,
  "global_maximum_sample_peak_dbfs": -11.642594311616357,
  "global_sample_peak_channel": 0,
  "global_sample_peak_index": 2696361,
  "global_maximum_true_peak_linear": 0.26269263622562733,
  "global_maximum_true_peak_dbfs": -11.611042022877703,
  "global_true_peak_channel": 0,
  "margin_to_zero_db": 11.611042022877703,
  "margin_to_negative_3_db_ceiling": 8.611042022877703,
  "true_peak_method": "eight_phase_windowed_sinc_64_candidates_radius_16",
  "source_reference_advisory": {
    "maximum_scaled_estimated_true_peak": 0.26761673551742565,
    "generated_maximum_estimated_true_peak": 0.26269263622562733,
    "result": "descriptively_below_source_maximum",
    "binding": false
  },
  "headroom_verdict": "headroom_pass",
  "deterministic_rerender": "passed_independent_workspaces_identical_arrays_receipts_traces_metrics_and_verdict",
  "test_count": 252,
  "wge4b_authorized": true,
  "persistent_waveform_arrays": false,
  "audio_created": false,
  "wav_created": false,
  "wge4b_started": false,
  "wge4c_started": false
}
