{
  "baseline_novelty": {
    "adjacent_asset_repetition_rate": 0.501749986940396,
    "adjacent_family_repetition_rate": 0.5585331452750353,
    "continuation_asset_repeat_rate": 0.5906759549873689,
    "dwell_asset_repeat_rate": 0.6666666666666666,
    "local_novelty_score": 0.49825001305960404,
    "packet_start_asset_repeat_rate": 0.3106907894736842,
    "repeat_distance_quantiles_events": {
      "p10": 1.0,
      "p50": 1.0,
      "p90": 90.0
    },
    "same_channel_repeat_asset_rate": 0.602365930599369,
    "same_channel_repeat_family_rate": 0.6556782334384859
  },
  "baseline_pulse_pattern": {
    "cycle_span_seconds": {
      "count": 6112,
      "maximum": 0.359875,
      "mean": 0.11459044025414487,
      "median": 0.08952083333333333,
      "minimum": 0.0027291666666666666,
      "p10": 0.022125,
      "p90": 0.22804166666666667
    },
    "fraction_with_trailing_events": 0.7468913612565445,
    "packet_count": 6112,
    "primary_duration_samples": {
      "count": 6112,
      "maximum": 1693.0,
      "mean": 999.7961387434555,
      "median": 1131.0,
      "minimum": 77.0,
      "p10": 510.0,
      "p90": 1322.0
    },
    "primary_gain": {
      "count": 6112,
      "maximum": 2.3955589010161837,
      "mean": 1.0565237196499073,
      "median": 1.0587628865979382,
      "minimum": 0.21682547060190566,
      "p10": 0.9161541180629198,
      "p90": 1.1864267600531337
    },
    "primary_to_trailing_gap_seconds": {
      "count": 4565,
      "maximum": 0.078875,
      "mean": 0.04308841730558598,
      "median": 0.04,
      "minimum": 0.00010416666666666667,
      "p10": 0.023,
      "p90": 0.067
    },
    "trailing_event_count": {
      "count": 6112,
      "maximum": 12.0,
      "mean": 2.137270942408377,
      "median": 2.0,
      "minimum": 0.0,
      "p10": 0.0,
      "p90": 5.0
    },
    "trailing_gain": {
      "count": 4565,
      "maximum": 1.341983428614716,
      "mean": 1.0838982008304103,
      "median": 1.0904527117884357,
      "minimum": 0.3171388840604902,
      "p10": 0.9309063298910524,
      "p90": 1.1949446731796767
    },
    "trailing_spacing_seconds": {
      "count": 3114,
      "maximum": 0.07889583333333333,
      "mean": 0.04642812700706486,
      "median": 0.0465,
      "minimum": 0.001,
      "p10": 0.028,
      "p90": 0.067
    }
  },
  "baseline_unit_grammar": {
    "burst cluster": 0.0070921985815602835,
    "clean sweep": 0.15760441292356187,
    "partial sweep": 0.34515366430260047,
    "scattered packet": 0.46256895193065406,
    "sweep with repeats": 0.027580772261623327
  },
  "session_1_pulse_pattern": {
    "cycle_span_seconds": {
      "count": 752,
      "maximum": 0.359875,
      "mean": 0.25533385970744676,
      "median": 0.2515833333333333,
      "minimum": 0.0255,
      "p10": 0.18952083333333333,
      "p90": 0.326125
    },
    "fraction_with_trailing_events": 0.9973404255319149,
    "packet_count": 752,
    "primary_duration_samples": {
      "count": 752,
      "maximum": 1693.0,
      "mean": 1070.6289893617022,
      "median": 1321.0,
      "minimum": 180.0,
      "p10": 512.0,
      "p90": 1322.0
    },
    "primary_gain": {
      "count": 752,
      "maximum": 1.2779022859704168,
      "mean": 1.0615537607538261,
      "median": 1.0588993468795458,
      "minimum": 0.821897108317879,
      "p10": 0.937650340319239,
      "p90": 1.1707485432541462
    },
    "primary_to_trailing_gap_seconds": {
      "count": 750,
      "maximum": 0.078875,
      "mean": 0.04912888888888889,
      "median": 0.051958333333333336,
      "minimum": 0.001979166666666667,
      "p10": 0.02802083333333333,
      "p90": 0.067
    },
    "trailing_event_count": {
      "count": 752,
      "maximum": 12.0,
      "mean": 5.054521276595745,
      "median": 5.0,
      "minimum": 0.0,
      "p10": 3.0,
      "p90": 7.0
    },
    "trailing_gain": {
      "count": 750,
      "maximum": 1.2937696100403406,
      "mean": 1.0889530416928337,
      "median": 1.1000205400642946,
      "minimum": 0.7749158596057422,
      "p10": 0.9459311303273626,
      "p90": 1.183254146122815
    },
    "trailing_spacing_seconds": {
      "count": 747,
      "maximum": 0.06702083333333334,
      "mean": 0.04823771474788042,
      "median": 0.054,
      "minimum": 0.018041666666666668,
      "p10": 0.028,
      "p90": 0.067
    }
  },
  "source_session_1_schedule_spectrum": {
    "count": 8,
    "maximum": 1.8202614379084967,
    "mean": 1.1666666666666667,
    "median": 0.869281045751634,
    "minimum": 0.869281045751634,
    "p10": 0.869281045751634,
    "p90": 1.8202614379084967
  }
}
