{
  "branches": [
    {
      "branch_number": 1,
      "channels": [
        {
          "dc_offset": -0.00013540582656860353,
          "dc_offset_difference": -2.488030327715742e-09,
          "logical_channel": 0,
          "maximum_pcm_code": 8577,
          "maximum_quantization_error": 1.52587890625e-05,
          "mean_absolute_quantization_error": 2.903959486219632e-07,
          "minimum_pcm_code": -7438,
          "nonzero_code_count": 109931,
          "nonzero_fraction": 0.03817048611111111,
          "pcm_stream_sha256": "941ed4c812641b3466cd1ebeaf682315d342ff7795821ab55f5b09a1e539c5db",
          "peak_difference": 9.155273437477796e-06,
          "rms": 0.01187623658612767,
          "rms_difference": 9.219263462714733e-08,
          "sample_peak": 0.261749267578125,
          "side": "left",
          "zero_code_count": 2770069
        },
        {
          "dc_offset": -0.00011159706115722656,
          "dc_offset_difference": -6.061130099747512e-10,
          "logical_channel": 1,
          "maximum_pcm_code": 8439,
          "maximum_quantization_error": 1.52587890625e-05,
          "mean_absolute_quantization_error": 2.585283915201839e-07,
          "minimum_pcm_code": -7409,
          "nonzero_code_count": 97952,
          "nonzero_fraction": 0.03401111111111111,
          "pcm_stream_sha256": "30d6bef12a7370936217e2788ff7dc722f5fd89148860e1b71479c01d45f0cc2",
          "peak_difference": -6.1035156250222045e-06,
          "rms": 0.01128804490895257,
          "rms_difference": 7.93942637276196e-08,
          "sample_peak": 0.257537841796875,
          "side": "right",
          "zero_code_count": 2782048
        }
      ],
      "frame_count": 2880000,
      "interleaved_data_sha256": "759ea8ff786ef7362ea09d3a69f73dd38f0f4d0e1d0075057bb810c076c0361f",
      "left_logical_channel": 0,
      "maximum_quantization_error": 1.52587890625e-05,
      "mean_absolute_quantization_error": 2.7446217007107355e-07,
      "reference_pcm_sha256": "759ea8ff786ef7362ea09d3a69f73dd38f0f4d0e1d0075057bb810c076c0361f",
      "right_logical_channel": 1
    },
    {
      "branch_number": 2,
      "channels": [
        {
          "dc_offset": -0.00013034839630126954,
          "dc_offset_difference": -4.632737901470469e-09,
          "logical_channel": 2,
          "maximum_pcm_code": 8577,
          "maximum_quantization_error": 1.52587890625e-05,
          "mean_absolute_quantization_error": 2.832285563151042e-07,
          "minimum_pcm_code": -7438,
          "nonzero_code_count": 107520,
          "nonzero_fraction": 0.037333333333333336,
          "pcm_stream_sha256": "c064e3c5787e5998d09b51c919634312076d5388e7ccff2ece97a906c8423154",
          "peak_difference": 9.155273437477796e-06,
          "rms": 0.011523738316001333,
          "rms_difference": 1.0014241445116534e-07,
          "sample_peak": 0.261749267578125,
          "side": "left",
          "zero_code_count": 2772480
        },
        {
          "dc_offset": -0.00011665213902791342,
          "dc_offset_difference": -2.2750430636868813e-09,
          "logical_channel": 3,
          "maximum_pcm_code": 8577,
          "maximum_quantization_error": 1.52587890625e-05,
          "mean_absolute_quantization_error": 2.62530644734701e-07,
          "minimum_pcm_code": -7438,
          "nonzero_code_count": 99457,
          "nonzero_fraction": 0.03453368055555556,
          "pcm_stream_sha256": "d34bce28c7d204badde20910525526c164c01f31436a7fc8c177e61d8d7abd55",
          "peak_difference": 9.155273437477796e-06,
          "rms": 0.01142383347154535,
          "rms_difference": 9.436316659831856e-08,
          "sample_peak": 0.261749267578125,
          "side": "right",
          "zero_code_count": 2780543
        }
      ],
      "frame_count": 2880000,
      "interleaved_data_sha256": "723d5a80496f0b4a23c687cb4d518bcdd872c93bc4d81d9ea840fc45593212b0",
      "left_logical_channel": 2,
      "maximum_quantization_error": 1.52587890625e-05,
      "mean_absolute_quantization_error": 2.7287960052490264e-07,
      "reference_pcm_sha256": "723d5a80496f0b4a23c687cb4d518bcdd872c93bc4d81d9ea840fc45593212b0",
      "right_logical_channel": 3
    },
    {
      "branch_number": 3,
      "channels": [
        {
          "dc_offset": -0.00011928053961859809,
          "dc_offset_difference": -4.15484110514292e-09,
          "logical_channel": 4,
          "maximum_pcm_code": 8439,
          "maximum_quantization_error": 1.52587890625e-05,
          "mean_absolute_quantization_error": 2.9307365417480604e-07,
          "minimum_pcm_code": -7416,
          "nonzero_code_count": 110799,
          "nonzero_fraction": 0.038471875,
          "pcm_stream_sha256": "3bfacb6a69883db3d26f113417a841e1859a27057822b35abfdcf9b310c9189c",
          "peak_difference": -6.1035156250222045e-06,
          "rms": 0.012098601376456,
          "rms_difference": 9.463445080869215e-08,
          "sample_peak": 0.257537841796875,
          "side": "left",
          "zero_code_count": 2769201
        },
        {
          "dc_offset": -0.0001130316416422526,
          "dc_offset_difference": -4.596710205087063e-09,
          "logical_channel": 5,
          "maximum_pcm_code": 8439,
          "maximum_quantization_error": 1.52587890625e-05,
          "mean_absolute_quantization_error": 2.6627222696940204e-07,
          "minimum_pcm_code": -7416,
          "nonzero_code_count": 100896,
          "nonzero_fraction": 0.03503333333333333,
          "pcm_stream_sha256": "ccd254b7b3f1b5a4fb0043c6e61ee6a1f5e141bc8718aa5c4180b1c47e6bd284",
          "peak_difference": -6.1035156250222045e-06,
          "rms": 0.011462280997530114,
          "rms_difference": 9.499558046958956e-08,
          "sample_peak": 0.257537841796875,
          "side": "right",
          "zero_code_count": 2779104
        }
      ],
      "frame_count": 2880000,
      "interleaved_data_sha256": "ff395e7aa48f8a0913001923b8c9218d73ee9755458a8db3f7c630a896d80c18",
      "left_logical_channel": 4,
      "maximum_quantization_error": 1.52587890625e-05,
      "mean_absolute_quantization_error": 2.7967294057210404e-07,
      "reference_pcm_sha256": "ff395e7aa48f8a0913001923b8c9218d73ee9755458a8db3f7c630a896d80c18",
      "right_logical_channel": 5
    },
    {
      "branch_number": 4,
      "channels": [
        {
          "dc_offset": -0.00011972753736707899,
          "dc_offset_difference": -5.344814724378248e-09,
          "logical_channel": 6,
          "maximum_pcm_code": 8577,
          "maximum_quantization_error": 1.52587890625e-05,
          "mean_absolute_quantization_error": 2.5451660156250096e-07,
          "minimum_pcm_code": -7438,
          "nonzero_code_count": 96329,
          "nonzero_fraction": 0.03344756944444444,
          "pcm_stream_sha256": "a7beced0a63a0bb5e52e4d35d9086905827a21d2e47b28e9d5b5f4c7f0947da5",
          "peak_difference": 9.155273437477796e-06,
          "rms": 0.011185464956158011,
          "rms_difference": 9.07210079316434e-08,
          "sample_peak": 0.261749267578125,
          "side": "left",
          "zero_code_count": 2783671
        },
        {
          "dc_offset": -0.00012597955067952473,
          "dc_offset_difference": -3.6938985188510447e-09,
          "logical_channel": 7,
          "maximum_pcm_code": 8577,
          "maximum_quantization_error": 1.52587890625e-05,
          "mean_absolute_quantization_error": 2.679443359375015e-07,
          "minimum_pcm_code": -7438,
          "nonzero_code_count": 101002,
          "nonzero_fraction": 0.03507013888888889,
          "pcm_stream_sha256": "fe7a035376e0e96cfb1e6b573d3d39b36307e685a62dde40ebf041389f13b53f",
          "peak_difference": 9.155273437477796e-06,
          "rms": 0.011144963462701786,
          "rms_difference": 8.711716110651468e-08,
          "sample_peak": 0.261749267578125,
          "side": "right",
          "zero_code_count": 2778998
        }
      ],
      "frame_count": 2880000,