{
  "bin_count": 12,
  "interval_seconds": [
    0.5805,
    0.5220416666666667,
    0.37697916666666664,
    0.5341874999999998,
    0.5486041666666668,
    0.4529791666666667,
    0.4801875,
    0.5841250000000002,
    0.5056458333333333,
    0.4968958333333333,
    0.5098958333333332,
    0.44864583333333297,
    0.5939791666666672,
    0.6229791666666662,
    0.42502083333333385,
    0.4207708333333331,
    0.40897916666666667,
    0.6378958333333333,
    0.5671874999999993,
    0.6358750000000004,
    0.6451041666666661,
    0.5331250000000001,
    0.5644791666666666,
    0.4727708333333336,
    0.5562916666666666,
    0.5750416666666673,
    0.6347500000000004,
    0.5545416666666654,
    0.4189583333333342,
    0.44937499999999986,
    0.5164791666666666,
    0.49362500000000153,
    0.6381874999999972,
    0.48116666666666674,
    0.4454583333333346,
    0.5348958333333336,
    0.5267708333333339,
    0.37106250000000074,
    0.472999999999999,
    0.6217499999999987,
    0.4180416666666673,
    0.40414583333333454,
    0.49283333333333346,
    0.574583333333333,
    0.46481250000000074,
    0.5800833333333308,
    0.49143749999999997,
    0.39010416666666714,
    0.5948124999999997,
    0.4113125000000011,
    0.49806249999999963,
    0.5429166666666667,
    0.5210833333333333,
    0.4285208333333337,
    0.4231666666666669,
    0.5078958333333325,
    0.4756458333333349,
    0.3861458333333303,
    0.6053750000000022,
    0.5592499999999987,
    0.5511041666666685,
    0.6132291666666667,
    0.36858333333332993,
    0.6297916666666694,
    0.5901041666666629,
    0.6182708333333338,
    0.47343750000000284,
    0.45339583333333167,
    0.5676666666666677,
    0.53691666666667,
    0.5151458333333281,
    0.36062500000000597,
    0.43739583333333343,
    0.5998333333333292,
    0.5257291666666646,
    0.48831249999999926,
    0.37660416666666663,
    0.6286666666666676,
    0.4171666666666667,
    0.4265208333333348,
    0.4025000000000034,
    0.5660416666666634,
    0.6118541666666673,
    0.45114583333333513,
    0.5336041666666631,
    0.4062708333333376,
    0.6268333333333302,
    0.47889583333333263,
    0.6147708333333384,
    0.6044583333333264,
    0.4030000000000058,
    0.6492708333333326,
    0.49695833333333184,
    0.5864791666666633,
    0.6312500000000014,
    0.3838125000000048,
    0.4516458333333304,
    0.6146458333333342,
    0.4871458333333294,
    0.376375000000003,
    0.5492916666666687,
    0.6318333333333328,
    0.6007708333333284,
    0.40075000000000216,
    0.45056250000000375,
    0.44193749999999454,
    0.3955833333333345,
    0.3725416666666703,
    0.43966666666666754,
    0.39229166666666515,
    0.362895833333333,
    0.43283333333333474,
    0.36314583333333417,
    0.610229166666663,
    0.5114374999999995,
    0.48645833333333144,
    0.5608333333333348,
    0.39539583333333184
  ]
}
